Pin,1.5GHz,3GHz,1.51667GHz,3.03333GHz,1.53333GHz,3.06667GHz,1.55GHz,3.1GHz,1.56667GHz,3.13333GHz,1.58333GHz,3.16667GHz,1.6GHz,3.2GHz,1.61667GHz,3.23333GHz,1.63333GHz,3.26667GHz,1.65GHz,3.3GHz
-20.0,"-3.7211E+01
","-8.2501E+01
","-1.11520E+02
","-8.5524E+01
","-1.12180E+02
","-1.12571E+02
","-2.3729E+01
","-8.6401E+01
","-1.00476E+02
","-7.7753E+01
","-9.8511E+01
","-1.11401E+02
","-2.3417E+01
","-7.6342E+01
","-1.08672E+02
","-8.4591E+01
","-1.08991E+02
","-1.12817E+02
","-3.7837E+01
","-8.5862E+01
"
-5.0,"-2.2618E+01
","-6.6710E+01
","-9.8383E+01
","-6.6019E+01
","-1.01092E+02
","-1.11153E+02
","-8.661E+00
","-5.2585E+01
","-8.8669E+01
","-4.9673E+01
","-8.3784E+01
","-1.11414E+02
","-8.308E+00
","-4.8396E+01
","-9.8391E+01
","-6.5732E+01
","-9.4662E+01
","-1.11671E+02
","-2.3163E+01
","-6.5348E+01
"
10.0,"-6.830E+00
","-4.1971E+01
","-8.4491E+01
","-3.8835E+01
","-8.4807E+01
","-1.09063E+02
","6.117E+00
","-2.4573E+01
","-7.1689E+01
","-2.3187E+01
","-6.9491E+01
","-9.9641E+01
","6.623E+00
","-2.0859E+01
","-8.0960E+01
","-3.8133E+01
","-8.3651E+01
","-1.10728E+02
","-7.898E+00
","-4.2945E+01
"
