Pin,1.575GHz,3.15GHz
-40.0,"-4.1064E+01
","-8.6786E+01
"
-39.5,"-4.0574E+01
","-8.8057E+01
"
-39.0,"-4.0060E+01
","-8.7134E+01
"
-38.5,"-3.9550E+01
","-8.6753E+01
"
-38.0,"-3.9058E+01
","-8.6680E+01
"
-37.5,"-3.8553E+01
","-8.7080E+01
"
-37.0,"-3.8064E+01
","-8.7322E+01
"
-36.5,"-3.7564E+01
","-8.6674E+01
"
-36.0,"-3.7048E+01
","-8.7102E+01
"
-35.5,"-3.6552E+01
","-8.7056E+01
"
-35.0,"-3.6064E+01
","-8.7151E+01
"
-34.5,"-3.5556E+01
","-8.7390E+01
"
-34.0,"-3.5055E+01
","-8.6767E+01
"
-33.5,"-3.4560E+01
","-8.7036E+01
"
-33.0,"-3.4057E+01
","-8.7073E+01
"
-32.5,"-3.3556E+01
","-8.7377E+01
"
-32.0,"-3.3057E+01
","-8.5671E+01
"
-31.5,"-3.2554E+01
","-8.5274E+01
"
-31.0,"-3.2056E+01
","-8.2824E+01
"
-30.5,"-3.1556E+01
","-8.5945E+01
"
-30.0,"-3.1054E+01
","-8.6646E+01
"
-29.5,"-3.0556E+01
","-8.6453E+01
"
-29.0,"-3.0053E+01
","-8.6936E+01
"
-28.5,"-2.9561E+01
","-8.5114E+01
"
-28.0,"-2.9057E+01
","-8.2460E+01
"
-27.5,"-2.8556E+01
","-8.1879E+01
"
-27.0,"-2.8056E+01
","-8.3236E+01
"
-26.5,"-2.7555E+01
","-8.2916E+01
"
-26.0,"-2.7057E+01
","-7.8189E+01
"
-25.5,"-2.6557E+01
","-8.3918E+01
"
-25.0,"-2.6056E+01
","-8.3494E+01
"
-24.5,"-2.5552E+01
","-8.4538E+01
"
-24.0,"-2.5055E+01
","-8.1486E+01
"
-23.5,"-2.4553E+01
","-8.1197E+01
"
-23.0,"-2.4050E+01
","-7.9300E+01
"
-22.5,"-2.3554E+01
","-8.0234E+01
"
-22.0,"-2.3049E+01
","-7.8147E+01
"
-21.5,"-2.2552E+01
","-7.6153E+01
"
-21.0,"-2.2052E+01
","-7.6542E+01
"
-20.5,"-2.1568E+01
","-8.0360E+01
"
-20.0,"-2.1068E+01
","-7.9840E+01
"
-19.5,"-2.0567E+01
","-7.8013E+01
"
-19.0,"-2.0066E+01
","-7.7197E+01
"
-18.5,"-1.9567E+01
","-7.5862E+01
"
-18.0,"-1.9063E+01
","-7.4848E+01
"
-17.5,"-1.8562E+01
","-7.3528E+01
"
-17.0,"-1.8064E+01
","-7.2917E+01
"
-16.5,"-1.7565E+01
","-7.0955E+01
"
-16.0,"-1.7061E+01
","-7.0700E+01
"
-15.5,"-1.6567E+01
","-7.5160E+01
"
-15.0,"-1.6068E+01
","-7.4314E+01
"
-14.5,"-1.5567E+01
","-7.3259E+01
"
-14.0,"-1.5067E+01
","-7.2061E+01
"
-13.5,"-1.4567E+01
","-7.0781E+01
"
-13.0,"-1.4064E+01
","-7.0466E+01
"
-12.5,"-1.3563E+01
","-6.8754E+01
"
-12.0,"-1.3064E+01
","-6.7864E+01
"
-11.5,"-1.2562E+01
","-6.6673E+01
"
-11.0,"-1.2062E+01
","-6.5943E+01
"
-10.5,"-1.1593E+01
","-6.9980E+01
"
-10.0,"-1.1090E+01
","-6.8606E+01
"
-9.5,"-1.0587E+01
","-6.8109E+01
"
-9.0,"-1.0087E+01
","-6.7120E+01
"
-8.5,"-9.589E+00
","-6.5694E+01
"
-8.0,"-9.086E+00
","-6.5035E+01
"
-7.5,"-8.585E+00
","-6.3964E+01
"
-7.0,"-8.085E+00
","-6.3052E+01
"
-6.5,"-7.584E+00
","-6.1965E+01
"
-6.0,"-7.085E+00
","-6.0849E+01
"
-5.5,"-6.581E+00
","-5.9735E+01
"
-5.0,"-6.083E+00
","-5.8604E+01
"
-4.5,"-5.554E+00
","-6.4309E+01
"
-4.0,"-5.055E+00
","-6.3387E+01
"
-3.5,"-4.557E+00
","-6.2222E+01
"
-3.0,"-4.054E+00
","-6.1214E+01
"
-2.5,"-3.552E+00
","-6.0438E+01
"
-2.0,"-3.055E+00
","-5.9367E+01
"
-1.5,"-2.553E+00
","-5.8283E+01
"
-1.0,"-2.051E+00
","-5.7252E+01
"
-0.5,"-1.551E+00
","-5.6102E+01
"
0.0,"-1.051E+00
","-5.5333E+01
"
0.5,"-5.48E-01
","-5.4133E+01
"
1.0,"-4.8E-02
","-5.3172E+01
"
1.5,"4.52E-01
","-5.2131E+01
"
2.0,"9.56E-01
","-5.1082E+01
"
2.5,"1.455E+00
","-5.0101E+01
"
3.0,"1.957E+00
","-4.9065E+01
"
3.5,"2.455E+00
","-4.8055E+01
"
4.0,"2.957E+00
","-4.6985E+01
"
4.5,"3.455E+00
","-4.6024E+01
"
5.0,"3.960E+00
","-4.5025E+01
"
5.5,"4.458E+00
","-4.3998E+01
"
6.0,"4.960E+00
","-4.2995E+01
"
6.5,"5.462E+00
","-4.1990E+01
"
7.0,"5.960E+00
","-4.0974E+01
"
7.5,"6.462E+00
","-3.9978E+01
"
8.0,"6.961E+00
","-3.8967E+01
"
8.5,"7.462E+00
","-3.7972E+01
"
9.0,"7.964E+00
","-3.6975E+01
"
9.5,"8.465E+00
","-3.5973E+01
"
10.0,"8.967E+00
","-3.4973E+01
"
